{
    "score": -0.05318352059925091,
    "exact_accuracy": 0.07041198501872659,
    "accuracy": 0.2554307116104869,
    "hallucination": 0.3086142322097378,
    "missing": 0.43595505617977526,
    "n_miss": 582,
    "n_correct": 341,
    "n_correct_exact": 94,
    "total": 1335
}