{
    "score": 0.009737827715355696,
    "exact_accuracy": 0.0022471910112359553,
    "accuracy": 0.07940074906367041,
    "hallucination": 0.0696629213483146,
    "missing": 0.850936329588015,
    "n_miss": 1136,
    "n_correct": 106,
    "n_correct_exact": 3,
    "total": 1335
}